[{"_allAttributes":null,"_properties":null,"_methods":null,"file":"c:/Users/Sarosh Khawar/Documents/SunLifeTest/force-app/main/default/lwc/financialActsComp/financialActsComp.js","metadata":{"decorators":[{"type":"track","targets":[{"name":"columns","type":"property"},{"name":"data","type":"property"}]}],"declarationLoc":{"start":{"line":3,"column":0},"end":{"line":28,"column":1}},"classMembers":[{"type":"property","name":"columns","loc":{"start":{"line":4,"column":2},"end":{"line":4,"column":22}},"decorator":"track"},{"type":"property","name":"data","loc":{"start":{"line":5,"column":2},"end":{"line":5,"column":19}},"decorator":"track"},{"type":"method","name":"renderedCallback","loc":{"start":{"line":7,"column":2},"end":{"line":16,"column":3}}}],"exports":[{"type":"ExportDefaultDeclaration"}]},"updatedAt":"2021-02-23T23:58:44.224Z"}]